Feature,Importance
Volatility_10,0.036898915
EMA_26,0.030938692
High_20,0.030755358
EMA_50,0.030650951
Volume_SMA_10,0.027727501
EMA_12,0.026865922
VPT,0.025978433
Volume_MA_20,0.025959272
Daily_Range,0.025858872
BB_Width,0.025550632
Distance_to_High,0.02526072
MACD,0.024502434
RSI_14,0.024501111
SMA_Ratio_5_20,0.024293073
MACD_Signal,0.023945196
Volume_Ratio,0.023429789
Gap,0.023313073
Volume_Rate_Change,0.023078002
Stoch_K,0.022957835
